{"sections":{"image_banner":{"type":"image-banner","blocks":{"heading":{"type":"heading","settings":{"heading":"Check Out Our Products","heading_size":"medium"}},"button":{"type":"buttons","settings":{"button_label_1":"Shop all","button_link_1":"shopify:\/\/collections\/all","button_style_secondary_1":false,"button_label_2":"","button_link_2":"","button_style_secondary_2":false}}},"block_order":["heading","button"],"settings":{"image":"shopify:\/\/shop_images\/158578486647410644_519b88b8-9440-49e7-a3ca-b56738a788e5.png","image_height":"medium","adapt_height_first_image":false,"desktop_text_box_position":"flex-end","show_text_box":true,"image_overlay_opacity":10,"color_scheme":"background-1","stack_images_on_mobile":true,"show_text_below":true}},"rich_text":{"type":"rich-text","blocks":{"heading":{"type":"heading","settings":{"heading":"Learn More About US","heading_size":"h1"}},"text":{"type":"text","settings":{"text":"<p>We're a small company with only three members, and we all share the same love for building computers. We want to express that passion by making the best quality pc's in the market. <\/p>"}},"button":{"type":"button","settings":{"button_label":"About Us","button_link":"shopify:\/\/pages\/about-us","button_style_secondary":false}}},"block_order":["heading","text","button"],"settings":{"color_scheme":"background-1","full_width":true}},"featured_products":{"type":"featured-collection","settings":{"title":"Featured products","collection":"pc","products_to_show":4,"show_view_all":true,"swipe_on_mobile":true,"image_ratio":"square","show_secondary_image":false,"add_image_padding":false,"show_image_outline":false,"show_vendor":false,"show_rating":true}},"collage":{"type":"collage","blocks":{"0bf4ca33-6b55-4fe3-9386-8cb0d4eaa6f5":{"type":"collection","settings":{"collection":"extra-parts","image_padding":true,"color_scheme":"background-1"}},"404277fc-6742-43f8-b874-a70a834f43e8":{"type":"collection","settings":{"collection":"tempered-glass","image_padding":true,"color_scheme":"background-1"}},"collection":{"type":"collection","settings":{"collection":"kmm","image_padding":true,"color_scheme":"background-1"}}},"block_order":["0bf4ca33-6b55-4fe3-9386-8cb0d4eaa6f5","404277fc-6742-43f8-b874-a70a834f43e8","collection"],"settings":{"heading":"Multimedia collage","desktop_layout":"left","mobile_layout":"collage"}},"video":{"type":"video","settings":{"heading":"Video","cover_image":"shopify:\/\/shop_images\/image3.png","video_url":"https:\/\/www.youtube.com\/watch?v=u-hnc3or5nA","description":"","full_width":false}},"multi_column":{"type":"multicolumn","blocks":{"column1":{"type":"column","settings":{"title":"Fast","text":"<p>Pair text with an image to focus on your chosen product, collection, or blog post. Add details on availability, style, or even provide a review.<\/p>"}},"column2":{"type":"column","settings":{"title":"Efficient","text":"<p>Pair text with an image to focus on your chosen product, collection, or blog post. Add details on availability, style, or even provide a review.<\/p>"}},"column3":{"type":"column","settings":{"title":"Long Lasting","text":"<p>Pair text with an image to focus on your chosen product, collection, or blog post. Add details on availability, style, or even provide a review.<\/p>"}}},"block_order":["column1","column2","column3"],"settings":{"title":"What we are known for","image_width":"full","image_ratio":"adapt","column_alignment":"left","background_style":"primary","button_label":"","button_link":"","swipe_on_mobile":false}}},"order":["image_banner","rich_text","featured_products","collage","video","multi_column"]}