{"sections":{"main":{"type":"main-page","settings":{}},"163855542521aa818c":{"type":"image-with-text","blocks":{"1638555425e6a2a755-0":{"type":"heading","settings":{"heading":"(K)erim"}},"1638555425e6a2a755-1":{"type":"text","settings":{"text":"<p>Pair text with an image to focus on your chosen product, collection, or blog post. Add details on availability, style, or even provide a review.<\/p>"}},"1638555425e6a2a755-2":{"type":"button","settings":{"button_label":"Contact Us","button_link":"shopify:\/\/pages\/contact"}}},"block_order":["1638555425e6a2a755-0","1638555425e6a2a755-1","1638555425e6a2a755-2"],"settings":{"height":"adapt","color_scheme":"background-1","layout":"image_first"}},"163855543243a061a1":{"type":"image-with-text","blocks":{"163855543224bf74b9-0":{"type":"heading","settings":{"heading":"(R)icardo"}},"163855543224bf74b9-1":{"type":"text","settings":{"text":"<p>Pair text with an image to focus on your chosen product, collection, or blog post. Add details on availability, style, or even provide a review.<\/p>"}},"163855543224bf74b9-2":{"type":"button","settings":{"button_label":"Contact Us","button_link":"shopify:\/\/pages\/contact"}}},"block_order":["163855543224bf74b9-0","163855543224bf74b9-1","163855543224bf74b9-2"],"settings":{"height":"adapt","color_scheme":"background-1","layout":"image_first"}},"16385554404a84b5ba":{"type":"image-with-text","blocks":{"1638555439adf84578-0":{"type":"heading","settings":{"heading":"(D)aniel"}},"1638555439adf84578-1":{"type":"text","settings":{"text":"<p>Pair text with an image to focus on your chosen product, collection, or blog post. Add details on availability, style, or even provide a review.<\/p>"}},"1638555439adf84578-2":{"type":"button","settings":{"button_label":"Contact Us","button_link":"shopify:\/\/pages\/contact"}}},"block_order":["1638555439adf84578-0","1638555439adf84578-1","1638555439adf84578-2"],"settings":{"height":"adapt","color_scheme":"background-1","layout":"image_first"}},"1638555450a9473d39":{"type":"contact-form","disabled":true,"settings":{"heading":"Contact form"}}},"order":["main","163855542521aa818c","163855543243a061a1","16385554404a84b5ba","1638555450a9473d39"]}