{"sections":{"main":{"type":"main-page","settings":{}},"1636557964bebd7df7":{"type":"image-with-text","blocks":{"1636557964bebd7df7-0":{"type":"heading","settings":{"heading":"Kerim Sever"}},"1636557964bebd7df7-1":{"type":"text","settings":{"text":"<p>Pair text with an image to focus on your chosen product, collection, or blog post. Add details on availability, style, or even provide a review.<\/p>"}},"1636557964bebd7df7-2":{"type":"button","settings":{"button_label":"Button label","button_link":""}}},"block_order":["1636557964bebd7df7-0","1636557964bebd7df7-1","1636557964bebd7df7-2"],"settings":{"height":"adapt","color_scheme":"background-1","layout":"image_first"}},"1636558922f48850f3":{"type":"image-with-text","blocks":{"1636558922f48850f3-0":{"type":"heading","settings":{"heading":"Ricardo"}},"1636558922f48850f3-1":{"type":"text","settings":{"text":"<p>Pair text with an image to focus on your chosen product, collection, or blog post. Add details on availability, style, or even provide a review. test<\/p>"}},"1636558922f48850f3-2":{"type":"button","settings":{"button_label":"Button label","button_link":""}}},"block_order":["1636558922f48850f3-0","1636558922f48850f3-1","1636558922f48850f3-2"],"settings":{"height":"adapt","color_scheme":"background-1","layout":"image_first"}},"1636558961395e317d":{"type":"image-with-text","blocks":{"1636558961395e317d-0":{"type":"heading","settings":{"heading":"Daniel"}},"1636558961395e317d-1":{"type":"text","settings":{"text":"<p>Pair text with an image to focus on your chosen product, collection, or blog post. Add details on availability, style, or even provide a review.<\/p>"}},"1636558961395e317d-2":{"type":"button","settings":{"button_label":"Button label","button_link":""}}},"block_order":["1636558961395e317d-0","1636558961395e317d-1","1636558961395e317d-2"],"settings":{"height":"adapt","color_scheme":"background-1","layout":"image_first"}},"163655906050c7b8d9":{"type":"contact-form","settings":{"heading":"Contact form"}}},"order":["main","1636557964bebd7df7","1636558922f48850f3","1636558961395e317d","163655906050c7b8d9"]}