Handle,Title,Body (HTML),Vendor,Standard Product Type,Custom Product Type,Tags,Published,Option1 Name,Option1 Value,Option2 Name,Option2 Value,Option3 Name,Option3 Value,Variant SKU,Variant Grams,Variant Inventory Tracker,Variant Inventory Qty,Variant Inventory Policy,Variant Fulfillment Service,Variant Price,Variant Compare At Price,Variant Requires Shipping,Variant Taxable,Variant Barcode,Image Src,Image Position,Image Alt Text,Gift Card,SEO Title,SEO Description,Google Shopping / Google Product Category,Google Shopping / Gender,Google Shopping / Age Group,Google Shopping / MPN,Google Shopping / AdWords Grouping,Google Shopping / AdWords Labels,Google Shopping / Condition,Google Shopping / Custom Product,Google Shopping / Custom Label 0,Google Shopping / Custom Label 1,Google Shopping / Custom Label 2,Google Shopping / Custom Label 3,Google Shopping / Custom Label 4,Variant Image,Variant Weight Unit,Variant Tax Code,Cost per item,Status
headphones,Headphones,"",KrdComputers,,,"",true,Color,Black,,,,,"",0.0,shopify,50,deny,manual,150.00,200.00,true,true,"",https://cdn.shopify.com/s/files/1/0608/8304/2543/products/headphones.jpg?v=1638988308,1,,false,,,,,,,,,,,,,,,,,lb,,,active
headphones,,,,,,,,,White,,,,,"",0.0,shopify,50,deny,manual,150.00,200.00,true,true,"",,,,,,,,,,,,,,,,,,,,,lb,,,
speakers,Speakers,"",KrdComputers,,,"",true,Title,Default Title,,,,,"",0.0,shopify,100,deny,manual,100.00,150.00,true,true,"",https://cdn.shopify.com/s/files/1/0608/8304/2543/products/speaker.jpg?v=1638988215,1,,false,,,,,,,,,,,,,,,,,lb,,,active
fans,Fans,"",KrdComputers,,,"",true,Title,Default Title,,,,,"",0.0,shopify,49,deny,manual,50.00,,true,true,"",https://cdn.shopify.com/s/files/1/0608/8304/2543/products/fans.jpg?v=1638987676,1,,false,,,,,,,,,,,,,,,,,lb,,,active
rgb,RGB,"",KrdComputers,,,"",true,Title,Default Title,,,,,"",0.0,shopify,50,deny,manual,30.00,,true,true,"",https://cdn.shopify.com/s/files/1/0608/8304/2543/products/rgb.jpg?v=1638988037,1,,false,,,,,,,,,,,,,,,,,lb,,,active
engravings,Engravings,"",KrdComputers,,,"",true,Title,Default Title,,,,,'50,0.0,shopify,10,deny,manual,50.00,,true,true,"",https://cdn.shopify.com/s/files/1/0608/8304/2543/products/engravings.jpg?v=1638987663,1,,false,,,,,,,,,,,,,,,,,lb,,,active
tempered-glass,Tempered Glass,"",KrdComputers,,,"",true,Title,Default Title,,,,,"",0.0,shopify,50,deny,manual,50.00,,true,true,"",https://cdn.shopify.com/s/files/1/0608/8304/2543/products/ScreenShot2021-12-08at12.51.03PM.png?v=1638987842,1,,false,,,,,,,,,,,,,,,,,lb,,,active
ssd-1,SSD,"",KrdComputers,,,"",true,Storage,500GB,,,,,"",0.0,shopify,10,deny,manual,50.00,,true,true,"",https://cdn.shopify.com/s/files/1/0608/8304/2543/products/download_1.jpg?v=1638984843,1,,false,,,,,,,,,,,,,,,,,lb,,,active
ssd-1,,,,,,,,,1TB,,,,,"",0.0,shopify,10,deny,manual,50.00,,true,true,"",,,,,,,,,,,,,,,,,,,,,lb,,,
ssd-1,,,,,,,,,2TB,,,,,"",0.0,shopify,10,deny,manual,50.00,,true,true,"",,,,,,,,,,,,,,,,,,,,,lb,,,
ssd,Hard Drive,"",KrdComputers,,,"",true,Storage,1TB,,,,,"",453.59237,shopify,10,deny,manual,50.00,,true,true,"",https://cdn.shopify.com/s/files/1/0608/8304/2543/products/harddrive.png?v=1638987690,1,,false,,,,,,,,,,,,,,,,,lb,,,active
ssd,,,,,,,,,2TB,,,,,"",453.59237,shopify,10,deny,manual,50.00,,true,true,"",,,,,,,,,,,,,,,,,,,,,lb,,,
ssd,,,,,,,,,3TB,,,,,"",453.59237,shopify,10,deny,manual,50.00,,true,true,"",,,,,,,,,,,,,,,,,,,,,lb,,,
ssd,,,,,,,,,4TB,,,,,"",453.59237,shopify,10,deny,manual,50.00,,true,true,"",,,,,,,,,,,,,,,,,,,,,lb,,,
mouse-pad,Mouse Pad,"",KrdComputers,,,"",true,Size,Small,,,,,"",453.59237,shopify,10,deny,manual,10.00,20.00,true,true,"",https://cdn.shopify.com/s/files/1/0608/8304/2543/products/download_2.jpg?v=1638984885,1,,false,,,,,,,,,,,,,,,,,lb,,10.00,active
mouse-pad,,,,,,,,,Medium,,,,,"",453.59237,shopify,10,deny,manual,10.00,20.00,true,true,"",,,,,,,,,,,,,,,,,,,,,lb,,10.00,
mouse-pad,,,,,,,,,Large,,,,,"",453.59237,shopify,9,deny,manual,10.00,20.00,true,true,"",,,,,,,,,,,,,,,,,,,,,lb,,10.00,
monitor,Monitor,"",KrdComputers,,,KMM,true,Color,Black,Size,14 Inch,,,"",0.0,shopify,10,deny,manual,200.00,250.00,true,true,"",https://cdn.shopify.com/s/files/1/0608/8304/2543/products/monitor.jpg?v=1638987815,1,,false,,,,,,,,,,,,,,,,,lb,,150.00,active
monitor,,,,,,,,,Black,,18 Inch,,,"",0.0,shopify,10,deny,manual,200.00,250.00,true,true,"",,,,,,,,,,,,,,,,,,,,,lb,,150.00,
monitor,,,,,,,,,Black,,22 Inch,,,"",0.0,shopify,10,deny,manual,200.00,250.00,true,true,"",,,,,,,,,,,,,,,,,,,,,lb,,150.00,
monitor,,,,,,,,,Black,,26 Inch,,,"",0.0,shopify,10,deny,manual,200.00,250.00,true,true,"",,,,,,,,,,,,,,,,,,,,,lb,,150.00,
monitor,,,,,,,,,White,,14 Inch,,,"",0.0,shopify,10,deny,manual,200.00,250.00,true,true,"",,,,,,,,,,,,,,,,,,,,,lb,,150.00,
monitor,,,,,,,,,White,,18 Inch,,,"",0.0,shopify,10,deny,manual,200.00,250.00,true,true,"",,,,,,,,,,,,,,,,,,,,,lb,,150.00,
monitor,,,,,,,,,White,,22 Inch,,,"",0.0,shopify,9,deny,manual,200.00,250.00,true,true,"",,,,,,,,,,,,,,,,,,,,,lb,,150.00,
monitor,,,,,,,,,White,,26 Inch,,,"",0.0,shopify,3,deny,manual,200.00,250.00,true,true,"",,,,,,,,,,,,,,,,,,,,,lb,,150.00,
mouse,Mouse,"",KrdComputers,,,KMM,true,Color,Black,,,,,"",453.59237,shopify,10,deny,manual,50.00,100.00,true,true,"",https://cdn.shopify.com/s/files/1/0608/8304/2543/products/images.jpg?v=1638985026,1,,false,,,,,,,,,,,,,,,,,lb,,30.00,active
mouse,,,,,,,,,White,,,,,"",453.59237,shopify,10,deny,manual,50.00,100.00,true,true,"",,,,,,,,,,,,,,,,,,,,,lb,,30.00,
keyboard,Keyboard,"",KrdComputers,,,KMM,true,Color,Black,Size,Small,,,"",453.59237,shopify,10,deny,manual,100.00,150.00,true,true,"",https://cdn.shopify.com/s/files/1/0608/8304/2543/products/keyboard.jpg?v=1638987779,1,,false,,,,,,,,,,,,,,,,,lb,,80.00,active
keyboard,,,,,,,,,Black,,Medium,,,"",453.59237,shopify,10,deny,manual,100.00,150.00,true,true,"",,,,,,,,,,,,,,,,,,,,,lb,,80.00,
keyboard,,,,,,,,,Black,,Large,,,"",453.59237,shopify,10,deny,manual,100.00,150.00,true,true,"",,,,,,,,,,,,,,,,,,,,,lb,,80.00,
keyboard,,,,,,,,,White,,Small,,,"",453.59237,shopify,10,deny,manual,100.00,150.00,true,true,"",,,,,,,,,,,,,,,,,,,,,lb,,80.00,
keyboard,,,,,,,,,White,,Medium,,,"",453.59237,shopify,10,deny,manual,100.00,150.00,true,true,"",,,,,,,,,,,,,,,,,,,,,lb,,80.00,
keyboard,,,,,,,,,White,,Large,,,"",453.59237,shopify,10,deny,manual,100.00,150.00,true,true,"",,,,,,,,,,,,,,,,,,,,,lb,,80.00,
pc-advance,Streamer PC,"",KrdComputers,,,PC,true,Title,Default Title,,,,,"",2267.96185,shopify,8,deny,manual,2000.00,1800.00,true,true,"",https://cdn.shopify.com/s/files/1/0608/8304/2543/products/advance.jpg?v=1638987856,1,,false,,,,,,,,,,,,,,,,,lb,,1700.00,active
pc-basic,Gamer PC,"",KrdComputers,,,PC,true,Title,Default Title,,,,,"",2267.96185,shopify,10,deny,manual,1000.00,1500.00,true,true,"",https://cdn.shopify.com/s/files/1/0608/8304/2543/products/basic.jpg?v=1638987869,1,,false,,,,,,,,,,,,,,,,,lb,,700.00,active
computer,Content Creator PC,This is a computer,KrdComputers,,,PC,true,Size,Medium,Color,Black,,,"",2267.96185,shopify,10,deny,manual,1500.00,2000.00,true,true,"",https://cdn.shopify.com/s/files/1/0608/8304/2543/products/intermediate.jpg?v=1638987880,1,,false,,,,,,,,,,,,,,,,,lb,,1200.00,active
computer,,,,,,,,,Medium,,White,,,"",2267.96185,shopify,10,deny,manual,1500.00,2000.00,true,true,"",,,,,,,,,,,,,,,,,,,,,lb,,1200.00,
computer,,,,,,,,,Large,,Black,,,"",2267.96185,shopify,10,deny,manual,1500.00,2000.00,true,true,"",,,,,,,,,,,,,,,,,,,,,lb,,1200.00,
computer,,,,,,,,,Large,,White,,,"",2267.96185,shopify,9,deny,manual,1500.00,2000.00,true,true,"",,,,,,,,,,,,,,,,,,,,,lb,,1200.00,
